term,estimate,std.error,statistic,p.value
(Intercept),4.421279961112558,0.918439347368869,4.813905211899482,1.492335007894693e-6
total_number_of_tests_performed,0.044127055885178616,2.057348311003314e-4,214.4851003069044,0
